"IDmaster","habit","accepted_taxon_name","accepted_genus_name","accepted_family_name","sla","la","seed","leafnitro","wd"
1,"active","Abuta panamensis","Abuta","Menispermaceae",15.3482755,58.64,NA,24.4,NA
2,"active","Abuta panurensis","Abuta","Menispermaceae",NA,NA,NA,NA,NA
3,"active","Abuta racemosa","Abuta","Menispermaceae",NA,34.3,579,NA,NA
4,"active","Abuta rufescens","Abuta","Menispermaceae",5.555555556,NA,NA,16.3,0.45
5,"active","Abuta solimoesensis","Abuta","Menispermaceae",NA,NA,NA,NA,NA
6,"passive","Senegalia hayesii","Senegalia","Fabaceae",9.09,0.21,NA,NA,0.38
7,"passive","Senegalia kamerunensis","Senegalia","Fabaceae",NA,NA,0.06,NA,NA
8,"passive","Senegalia kuhlmannii","Senegalia","Fabaceae",NA,NA,NA,NA,NA
9,"active","Senegalia pentagona","Senegalia","Fabaceae",NA,0.02,172.06,NA,NA
10,"passive","Senegalia riparia","Senegalia","Fabaceae",13.504,NA,NA,38.8705437,NA
11,"passive","Senegalia sakalava","Senegalia","Fabaceae",NA,NA,NA,NA,NA
12,"active","Acalypha cuneata","Acalypha","Euphorbiaceae",23.228,110.03,NA,41.2,NA
13,"passive","Adelobotrys adscendens","Adelobotrys","Melastomataceae",12.5994,50.46,NA,NA,NA
14,"passive","Adelphia hiraea","Adelphia","Malpighiaceae",13.15789474,61,NA,NA,NA
15,"active","Adenia penangiana","Adenia","Passifloraceae",NA,NA,NA,NA,NA
16,"active","Adenocalymma adenophorum","Adenocalymma","Bignoniaceae",NA,NA,NA,NA,NA
17,"active","Adenocalymma bracteolatum","Adenocalymma","Bignoniaceae",NA,NA,NA,NA,NA
18,"active","Adenocalymma bracteosum","Adenocalymma","Bignoniaceae",NA,NA,NA,NA,NA
19,"active","Adenocalymma croatii","Adenocalymma","Bignoniaceae",NA,NA,NA,NA,NA
20,"active","Adenocalymma flavum","Adenocalymma","Bignoniaceae",NA,NA,NA,NA,NA
21,"active","Adenocalymma hirtum","Adenocalymma","Bignoniaceae",NA,NA,NA,NA,NA
22,"active","Adenocalymma impressum","Adenocalymma","Bignoniaceae",NA,NA,NA,NA,NA
23,"active","Adenocalymma inundatum","Adenocalymma","Bignoniaceae",NA,NA,NA,NA,NA
24,"active","Adenocalymma magdalenense","Adenocalymma","Bignoniaceae",NA,NA,NA,NA,NA
25,"active","Adenocalymma magnificum","Adenocalymma","Bignoniaceae",NA,NA,NA,NA,NA
26,"active","Adenocalymma marginatum","Adenocalymma","Bignoniaceae",18.05,NA,NA,NA,0.46
27,"active","Adenocalymma moringifolium","Adenocalymma","Bignoniaceae",NA,NA,NA,NA,NA
28,"active","Adenocalymma patulum","Adenocalymma","Bignoniaceae",NA,NA,NA,NA,NA
29,"active","Adenocalymma pseudopatulum","Adenocalymma","Bignoniaceae",NA,NA,NA,NA,NA
30,"active","Adenocalymma tanaeciicarpum","Adenocalymma","Bignoniaceae",NA,NA,NA,NA,NA
31,"active","Adenocalymma ternatum","Adenocalymma","Bignoniaceae",NA,NA,NA,NA,NA
32,"active","Adenocalymma uleanum","Adenocalymma","Bignoniaceae",NA,NA,NA,NA,NA
33,"active","Adenocalymma validum","Adenocalymma","Bignoniaceae",NA,NA,NA,NA,NA
34,"passive","Adenopodia scelerata","Adenopodia","Fabaceae",NA,NA,NA,NA,NA
35,"passive","Aegiphila elegans","Aegiphila","Lamiaceae",NA,NA,NA,NA,NA
36,"passive","Aegiphila hirsuta","Aegiphila","Lamiaceae",NA,NA,NA,NA,NA
37,"passive","Aegiphila hoehnei","Aegiphila","Lamiaceae",NA,NA,NA,NA,NA
38,"passive","Aegiphila laeta","Aegiphila","Lamiaceae",NA,NA,NA,NA,NA
39,"passive","Agelaea macrophylla","Agelaea","Connaraceae",NA,NA,NA,NA,NA
40,"active","Agelaea paradoxa","Agelaea","Connaraceae",NA,NA,NA,NA,NA
41,"passive","Agelaea pentagyna","Agelaea","Connaraceae",NA,NA,NA,NA,0.73
42,"passive","Aglaia rufinervis","Aglaia","Meliaceae",NA,NA,NA,NA,NA
43,"passive","Airyantha schweinfurthii","Airyantha","Fabaceae",NA,NA,NA,NA,NA
44,"active","Alafia barteri","Alafia","Apocynaceae",NA,30.49,NA,NA,NA
45,"active","Alafia thouarsii","Alafia","Apocynaceae",NA,NA,NA,NA,NA
46,"active","Alicia anisopetala","Alicia","Malpighiaceae",NA,NA,NA,NA,NA
47,"active","Alicia macrodisca","Alicia","Malpighiaceae",NA,NA,NA,NA,NA
48,"active","Allomarkgrafia plumeriiflora","Allomarkgrafia","Apocynaceae",NA,NA,NA,NA,NA
49,"active","Thinouia trifoliolata","Thinouia","Sapindaceae",NA,NA,NA,NA,NA
50,"passive","Alphitonia neocaledonica","Alphitonia","Rhamnaceae",NA,NA,NA,NA,NA
51,"active","Amorimia rigida","Amorimia","Malpighiaceae",NA,NA,NA,NA,NA
52,"active","Ampelopsis glandulosa","Ampelopsis","Vitaceae",NA,NA,NA,NA,NA
53,"active","Amphilophium chocoense","Amphilophium","Bignoniaceae",NA,NA,NA,NA,NA
54,"active","Amphilophium crucigerum","Amphilophium","Bignoniaceae",NA,NA,NA,41.93,NA
55,"active","Amphilophium dasytrichum","Amphilophium","Bignoniaceae",NA,NA,NA,NA,NA
56,"active","Amphilophium ecuadorense","Amphilophium","Bignoniaceae",NA,NA,NA,NA,NA
57,"active","Amphilophium granulosum","Amphilophium","Bignoniaceae",NA,NA,NA,NA,NA
58,"active","Amphilophium lactiflorum","Amphilophium","Bignoniaceae",NA,NA,NA,NA,NA
59,"active","Amphilophium magnoliifolium","Amphilophium","Bignoniaceae",NA,590,NA,NA,NA
60,"active","Amphilophium nunezii","Amphilophium","Bignoniaceae",NA,NA,NA,NA,NA
61,"active","Amphilophium occidentale","Amphilophium","Bignoniaceae",NA,NA,NA,NA,NA
62,"active","Amphilophium paniculatum","Amphilophium","Bignoniaceae",13.445093,38.19,NA,NA,NA
63,"active","Amphilophium pulverulentum","Amphilophium","Bignoniaceae",NA,NA,NA,NA,NA
64,"active","Amphilophium rodriguesii","Amphilophium","Bignoniaceae",NA,NA,NA,NA,NA
65,"active","Ancistrocladus barteri","Ancistrocladus","Ancistrocladaceae",NA,NA,NA,NA,NA
66,"passive","Ancistrocladus ealaensis","Ancistrocladus","Ancistrocladaceae",NA,NA,NA,NA,NA
67,"active","Anemopaegma chrysanthum","Anemopaegma","Bignoniaceae",NA,87.29,NA,NA,NA
68,"active","Anemopaegma chrysoleucum","Anemopaegma","Bignoniaceae",NA,27.82,1809.81,NA,NA
69,"active","Anemopaegma insculptum","Anemopaegma","Bignoniaceae",NA,NA,NA,NA,NA
70,"active","Anemopaegma orbiculatum","Anemopaegma","Bignoniaceae",NA,NA,NA,NA,NA
71,"active","Anemopaegma parkeri","Anemopaegma","Bignoniaceae",NA,NA,NA,NA,NA
72,"active","Anemopaegma patelliforme","Anemopaegma","Bignoniaceae",NA,NA,NA,NA,NA
73,"active","Anemopaegma prostratum","Anemopaegma","Bignoniaceae",NA,NA,NA,NA,NA
74,"active","Anemopaegma robustum","Anemopaegma","Bignoniaceae",NA,NA,NA,NA,NA
75,"active","Annona scandens","Annona","Annonaceae",NA,NA,NA,NA,NA
76,"passive","Anodendron affine","Anodendron","Apocynaceae",NA,18.45,209.74,NA,NA
77,"active","Anodendron benthamianum","Anodendron","Apocynaceae",NA,NA,NA,NA,NA
78,"passive","Uvaria dulcis","Uvaria","Annonaceae",NA,NA,NA,NA,NA
79,"active","Rupertiella boliviana","Rupertiella","Menispermaceae",NA,NA,NA,NA,NA
80,"active","Anomospermum chloranthum","Anomospermum","Menispermaceae",NA,NA,NA,NA,NA
81,"active","Elissarrhena longipes","Elissarrhena","Menispermaceae",NA,NA,NA,NA,NA
82,"active","Anomospermum reticulatum","Anomospermum","Menispermaceae",11.1,NA,NA,NA,NA
83,"active","Elissarrhena solimoesana","Elissarrhena","Menispermaceae",NA,NA,139.7,NA,NA
84,"passive","Artabotrys brachypetalus","Artabotrys","Annonaceae",NA,NA,980,NA,NA
85,"passive","Artabotrys congolensis","Artabotrys","Annonaceae",NA,NA,NA,NA,NA
86,"passive","Artabotrys polygynus","Artabotrys","Annonaceae",NA,NA,NA,NA,NA
87,"passive","Artabotrys zeylanicus","Artabotrys","Annonaceae",NA,NA,NA,NA,NA
88,"active","Austrosteenisia stipularis","Austrosteenisia","Fabaceae",NA,NA,NA,NA,NA
89,"active","Banisteriopsis muricata","Banisteriopsis","Malpighiaceae",NA,36.23,3.96,NA,NA
90,"active","Banisteriopsis nummifera","Banisteriopsis","Malpighiaceae",NA,NA,NA,NA,NA
91,"passive","Baphia capparidifolia","Baphia","Fabaceae",NA,NA,NA,NA,NA
92,"active","Bauhinia beguinotii","Bauhinia","Fabaceae",NA,NA,NA,NA,NA
93,"active","Schnella glabra","Schnella","Fabaceae",NA,34.3,195.16,NA,NA
94,"active","Schnella guianensis","Schnella","Fabaceae",15.12886787,40.6,NA,18.9715,NA
95,"active","Schnella hymenaeifolia","Schnella","Fabaceae",NA,NA,NA,NA,NA
96,"active","Schnella kunthiana","Schnella","Fabaceae",NA,NA,NA,NA,NA
97,"active","Schnella microstachya","Schnella","Fabaceae",NA,NA,NA,NA,NA
98,"active","Schnella smilacina","Schnella","Fabaceae",NA,NA,NA,NA,NA
99,"active","Bignonia aequinoctialis","Bignonia","Bignoniaceae",NA,NA,NA,27.34426642,NA
100,"active","Bignonia binata","Bignonia","Bignoniaceae",NA,NA,NA,NA,NA
101,"active","Bignonia bracteomana","Bignonia","Bignoniaceae",NA,NA,NA,NA,NA
102,"active","Bignonia callistegioides","Bignonia","Bignoniaceae",NA,NA,NA,NA,NA
103,"active","Bignonia campanulata","Bignonia","Bignoniaceae",17.91569736,65.7,NA,32.85,0.49
104,"active","Bignonia corymbosa","Bignonia","Bignoniaceae",11.49642967,30.44,69,NA,NA
105,"active","Bignonia decora","Bignonia","Bignoniaceae",NA,NA,NA,NA,NA
106,"active","Bignonia diversifolia","Bignonia","Bignoniaceae",NA,NA,NA,39.38716744,NA
107,"active","Bignonia hyacinthina","Bignonia","Bignoniaceae",NA,NA,NA,NA,NA
108,"active","Bignonia lilacina","Bignonia","Bignoniaceae",NA,NA,NA,NA,NA
109,"active","Bignonia longiflora","Bignonia","Bignoniaceae",NA,NA,NA,NA,NA
110,"active","Bignonia neoheterophylla","Bignonia","Bignoniaceae",NA,NA,NA,NA,NA
111,"active","Bignonia nocturna","Bignonia","Bignoniaceae",NA,70,NA,NA,NA
112,"active","Bignonia pterocalyx","Bignonia","Bignoniaceae",NA,NA,NA,NA,NA
113,"active","Bignonia sordida","Bignonia","Bignoniaceae",NA,NA,NA,NA,NA
114,"active","Bignonia uleana","Bignonia","Bignoniaceae",NA,NA,NA,NA,NA
115,"active","Bonamia trichantha","Bonamia","Convolvulaceae",NA,NA,NA,NA,NA
116,"active","Boquila trifoliolata","Boquila","Lardizabalaceae",31.5,NA,NA,NA,NA
117,"active","Borismene japurensis","Borismene","Menispermaceae",NA,NA,NA,NA,NA
118,"active","Bronwenia cornifolia","Bronwenia","Malpighiaceae",NA,NA,NA,NA,NA
119,"passive","Ayenia asterotricha","Ayenia","Malvaceae",NA,NA,NA,NA,NA
120,"active","Ayenia catalpifolia","Ayenia","Malvaceae",NA,NA,NA,NA,NA
121,"passive","Ayenia coriacea","Ayenia","Malvaceae",NA,NA,NA,NA,NA
122,"active","Wisteriopsis reticulata","Wisteriopsis","Fabaceae",NA,NA,NA,NA,NA
123,"active","Callichlamys latifolia","Callichlamys","Bignoniaceae",22.8,NA,NA,25.404,NA
124,"active","Campsidium valdivianum","Campsidium","Bignoniaceae",NA,NA,NA,NA,NA
125,"active","Canavalia acuminata","Canavalia","Fabaceae",NA,NA,NA,NA,NA
126,"passive","Capparis chrysomeia","Capparis","Capparaceae",NA,NA,NA,NA,NA
127,"passive","Capparis erythrocarpos","Capparis","Capparaceae",NA,NA,NA,NA,NA
128,"passive","Capparis lanceolaris","Capparis","Capparaceae",NA,NA,NA,NA,NA
129,"active","Carolus chlorocarpus","Carolus","Malpighiaceae",NA,NA,NA,NA,NA
130,"active","Cayaponia ophthalmica","Cayaponia","Cucurbitaceae",NA,NA,NA,NA,NA
131,"active","Celastrus hindsii","Celastrus","Celastraceae",14.26498548,20.01,NA,10.2035907,NA
132,"active","Celastrus kusanoi","Celastrus","Celastraceae",NA,NA,NA,NA,NA
133,"active","Celastrus paniculatus","Celastrus","Celastraceae",NA,19.69,26.3,NA,NA
134,"passive","Celtis iguanaea","Celtis","Cannabaceae",NA,17.2,5.85,NA,0.65
135,"passive","Chamissoa altissima","Chamissoa","Amaranthaceae",NA,NA,NA,NA,NA
136,"active","Cheiloclinium anomalum","Cheiloclinium","Celastraceae",NA,NA,NA,NA,NA
137,"active","Cheiloclinium hippocrateoides","Cheiloclinium","Celastraceae",NA,NA,NA,NA,NA
138,"active","Cheiloclinium klugii","Cheiloclinium","Celastraceae",NA,NA,NA,NA,NA
139,"active","Chiococca alba","Chiococca","Rubiaceae",NA,NA,NA,NA,NA
140,"active","Chondrodendron tomentosum","Chondrodendron","Menispermaceae",NA,107.99,NA,NA,NA
141,"passive","Cissampelos pareira","Cissampelos","Menispermaceae",NA,29.65,5.99,NA,NA
142,"active","Cissus adnata","Cissus","Vitaceae",NA,NA,NA,NA,NA
143,"active","Cissus alata","Cissus","Vitaceae",NA,NA,28.44051276,NA,NA
144,"active","Cissus barbeyana","Cissus","Vitaceae",NA,NA,NA,NA,NA
145,"active","Cissus biformifolia","Cissus","Vitaceae",NA,NA,NA,NA,NA
146,"active","Cissus brevipes","Cissus","Vitaceae",NA,NA,NA,NA,NA
147,"active","Cissus dinklagei","Cissus","Vitaceae",NA,NA,NA,NA,NA
148,"active","Cissus erosa","Cissus","Vitaceae",NA,17.59,12.89,NA,NA
149,"active","Cissus fuliginea","Cissus","Vitaceae",14.83417235,118.1352167,NA,1.7345,0.2
150,"active","Cissus hastata","Cissus","Vitaceae",NA,NA,NA,NA,NA
151,"active","Cissus hypoglauca","Cissus","Vitaceae",NA,NA,NA,NA,NA
152,"active","Cissus microcarpa","Cissus","Vitaceae",NA,12.11,75,NA,NA
153,"active","Cissus neei","Cissus","Vitaceae",NA,NA,NA,NA,NA
154,"active","Cissus producta","Cissus","Vitaceae",NA,64.9,235.73,NA,NA
155,"active","Cissus repanda","Cissus","Vitaceae",NA,NA,NA,NA,NA
156,"active","Cissus repens","Cissus","Vitaceae",NA,0.1,32,NA,NA
157,"active","Clematicissus striata","Clematicissus","Vitaceae",43.6,NA,NA,NA,NA
158,"active","Clematicissus tweedieana","Clematicissus","Vitaceae",NA,NA,NA,NA,NA
159,"active","Cissus lombardiana","Cissus","Vitaceae",NA,NA,NA,NA,NA
160,"active","Cissus verticillata","Cissus","Vitaceae",NA,NA,52.675,NA,NA
161,"active","Clematis dioica","Clematis","Ranunculaceae",NA,NA,NA,22.40517727,NA
162,"passive","Clematis mauritiana","Clematis","Ranunculaceae",NA,NA,NA,NA,NA
163,"passive","Clematis smilacifolia","Clematis","Ranunculaceae",NA,NA,NA,NA,NA
164,"active","Clitandra cymulosa","Clitandra","Apocynaceae",NA,NA,NA,NA,NA
165,"passive","Cnestidium rufescens","Cnestidium","Connaraceae",NA,NA,NA,14.7,NA
166,"active","Cnestis corniculata","Cnestis","Connaraceae",NA,NA,NA,NA,NA
167,"active","Cnestis polyphylla","Cnestis","Connaraceae",NA,NA,NA,NA,NA
168,"active","Coccoloba excelsa","Coccoloba","Polygonaceae",NA,NA,NA,NA,NA
169,"active","Combretum assimile","Combretum","Combretaceae",NA,NA,NA,NA,NA
170,"passive","Combretum bracteatum","Combretum","Combretaceae",NA,NA,NA,NA,NA
171,"active","Combretum carringtonianum","Combretum","Combretaceae",NA,NA,NA,NA,NA
172,"passive","Combretum decandrum","Combretum","Combretaceae",NA,32.86,NA,11.5,NA
173,"passive","Combretum falcatum","Combretum","Combretaceae",NA,NA,NA,NA,NA
174,"active","Combretum fruticosum","Combretum","Combretaceae",24.62,NA,NA,26,0.58
175,"active","Combretum oyemense","Combretum","Combretaceae",NA,NA,NA,NA,NA
176,"active","Combretum paraguariense","Combretum","Combretaceae",NA,NA,NA,NA,NA
177,"active","Combretum pavonii","Combretum","Combretaceae",NA,NA,NA,NA,NA
178,"active","Combretum racemosum","Combretum","Combretaceae",NA,NA,15,NA,NA
179,"active","Combretum sordidum","Combretum","Combretaceae",NA,NA,NA,NA,NA
180,"passive","Combretum spinosum","Combretum","Combretaceae",NA,NA,NA,NA,NA
181,"active","Combretum vernicosum","Combretum","Combretaceae",NA,NA,NA,NA,NA
182,"passive","Connarus fasciculatus","Connarus","Connaraceae",NA,NA,NA,NA,NA
183,"active","Connarus griffonianus","Connarus","Connaraceae",NA,NA,NA,NA,NA
184,"passive","Connarus panamensis","Connarus","Connaraceae",NA,NA,NA,NA,NA
185,"active","Connarus pickeringii","Connarus","Connaraceae",NA,NA,NA,NA,NA
186,"active","Connarus semidecandrus","Connarus","Connaraceae",NA,NA,NA,NA,NA
187,"active","Calyptrion arboreum","Calyptrion","Violaceae",NA,NA,NA,NA,NA
188,"active","Critonia billbergiana","Critonia","Asteraceae",NA,NA,NA,NA,NA
189,"passive","Critoniopsis woytkowskii","Critoniopsis","Asteraceae",NA,NA,NA,NA,NA
190,"active","Curarea toxicofera","Curarea","Menispermaceae",NA,NA,520.5404591,NA,NA
191,"active","Cuspidaria floribunda","Cuspidaria","Bignoniaceae",NA,NA,NA,NA,NA
192,"active","Cuspidaria inaequalis","Cuspidaria","Bignoniaceae",NA,NA,NA,NA,NA
193,"active","Cuspidaria lateriflora","Cuspidaria","Bignoniaceae",NA,540,NA,NA,0.54
194,"active","Cuspidaria weberbaueri","Cuspidaria","Bignoniaceae",NA,NA,NA,NA,NA
195,"active","Cyclocotyla congolensis","Cyclocotyla","Apocynaceae",NA,NA,NA,NA,NA
196,"active","Dalbergia brownei","Dalbergia","Fabaceae",NA,NA,NA,34.3,NA
197,"active","Dalbergia darienensis","Dalbergia","Fabaceae",NA,NA,NA,NA,NA
198,"active","Dalbergia frutescens","Dalbergia","Fabaceae",65.46856479,169.36,160,25.85,0.5
199,"active","Dalbergia monetaria","Dalbergia","Fabaceae",NA,NA,NA,NA,NA
200,"active","Dalbergia negrensis","Dalbergia","Fabaceae",NA,NA,NA,NA,NA
201,"active","Dalbergia saxatilis","Dalbergia","Fabaceae",NA,NA,NA,NA,NA
202,"active","Dalhousiea africana","Dalhousiea","Fabaceae",NA,NA,NA,NA,NA
203,"passive","Danais fragrans","Danais","Rubiaceae",NA,NA,NA,NA,NA
204,"passive","Davilla kunthii","Davilla","Dilleniaceae",NA,73.5,NA,NA,NA
205,"active","Davilla nitida","Davilla","Dilleniaceae",12.64,29.25,NA,10.6,NA
206,"active","Davilla rugosa","Davilla","Dilleniaceae",44.78,NA,NA,NA,0.5
207,"passive","Derris laxiflora","Derris","Fabaceae",NA,NA,NA,NA,NA
208,"active","Dewevrea bilabiata","Dewevrea","Fabaceae",NA,NA,NA,NA,NA
209,"active","Dicella julianii","Dicella","Malpighiaceae",NA,NA,NA,NA,NA
210,"active","Dicella macroptera","Dicella","Malpighiaceae",NA,NA,NA,NA,NA
211,"active","Dichapetalum barteri","Dichapetalum","Dichapetalaceae",NA,NA,NA,NA,NA
212,"active","Dichapetalum cymulosum","Dichapetalum","Dichapetalaceae",NA,NA,NA,NA,NA
213,"active","Dichapetalum heudelotii","Dichapetalum","Dichapetalaceae",NA,NA,NA,NA,NA
214,"active","Dichapetalum insigne","Dichapetalum","Dichapetalaceae",NA,NA,NA,NA,NA
215,"active","Dichapetalum integripetalum","Dichapetalum","Dichapetalaceae",NA,NA,NA,NA,NA
216,"active","Dichapetalum madagascariense","Dichapetalum","Dichapetalaceae",NA,NA,NA,NA,NA
217,"active","Dichapetalum mombuttense","Dichapetalum","Dichapetalaceae",NA,NA,NA,NA,NA
218,"active","Dichapetalum mossambicense","Dichapetalum","Dichapetalaceae",NA,NA,NA,NA,NA
219,"active","Dichapetalum mundense","Dichapetalum","Dichapetalaceae",NA,NA,NA,NA,NA
220,"active","Dichapetalum pallidum","Dichapetalum","Dichapetalaceae",NA,NA,NA,NA,NA
221,"passive","Dichapetalum papuanum","Dichapetalum","Dichapetalaceae",NA,31.5,57.82,NA,NA
222,"active","Dichapetalum rudatisii","Dichapetalum","Dichapetalaceae",NA,NA,NA,NA,NA
223,"active","Dichapetalum rugosum","Dichapetalum","Dichapetalaceae",NA,NA,NA,NA,NA
224,"passive","Dichapetalum sessiliflorum","Dichapetalum","Dichapetalaceae",NA,NA,NA,NA,NA
225,"active","Dichapetalum spruceanum","Dichapetalum","Dichapetalaceae",12.05,NA,NA,27.2,NA
226,"active","Dicranostyles longifolia","Dicranostyles","Convolvulaceae",NA,NA,NA,NA,NA
227,"active","Dicranostyles scandens","Dicranostyles","Convolvulaceae",NA,NA,NA,NA,NA
228,"active","Dicranostyles sericea","Dicranostyles","Convolvulaceae",NA,NA,NA,NA,NA
229,"active","Dictyophleba ochracea","Dictyophleba","Apocynaceae",NA,NA,NA,NA,NA
230,"active","Dictyophleba stipulosa","Dictyophleba","Apocynaceae",NA,NA,NA,NA,NA
231,"active","Dilkea acuminata","Dilkea","Passifloraceae",NA,NA,NA,NA,NA
232,"active","Dilkea retusa","Dilkea","Passifloraceae",14.92,480,NA,42,NA
233,"active","Macropsychanthus dictyoneurus","Macropsychanthus","Fabaceae",NA,NA,NA,NA,NA
234,"active","Macropsychanthus megacarpus","Macropsychanthus","Fabaceae",NA,NA,NA,NA,NA
235,"active","Macropsychanthus schimpffii","Macropsychanthus","Fabaceae",NA,NA,NA,NA,NA
236,"active","Diplopterys cabrerana","Diplopterys","Malpighiaceae",NA,NA,NA,NA,NA
237,"active","Diplopterys lutea","Diplopterys","Malpighiaceae",NA,NA,NA,NA,NA
238,"active","Dipteropeltis poranoides","Dipteropeltis","Convolvulaceae",NA,NA,NA,NA,NA
239,"active","Disciphania inversa","Disciphania","Menispermaceae",NA,NA,NA,NA,NA
240,"active","Disciphania juliflora","Disciphania","Menispermaceae",NA,NA,NA,NA,NA
241,"active","Dolichandra chodatii","Dolichandra","Bignoniaceae",NA,NA,NA,NA,NA
242,"active","Dolichandra quadrivalvis","Dolichandra","Bignoniaceae",21.60678312,65.55,230,29.84,0.46
243,"active","Dolichandra steyermarkii","Dolichandra","Bignoniaceae",NA,NA,NA,NA,NA
244,"active","Dolichandra uncata","Dolichandra","Bignoniaceae",NA,NA,NA,NA,NA
245,"active","Dolichandra unguiculata","Dolichandra","Bignoniaceae",NA,NA,NA,NA,NA
246,"active","Dolichandra unguis-cati","Dolichandra","Bignoniaceae",NA,NA,NA,NA,NA
247,"active","Doliocarpus amazonicus","Doliocarpus","Dilleniaceae",NA,NA,NA,NA,NA
248,"active","Doliocarpus dentatus","Doliocarpus","Dilleniaceae",10.532173,38.5,35.53,NA,NA
249,"active","Doliocarpus macrocarpus","Doliocarpus","Dilleniaceae",NA,NA,87.05211047,NA,NA
250,"active","Doliocarpus magnificus","Doliocarpus","Dilleniaceae",NA,NA,NA,NA,NA
251,"active","Doliocarpus major","Doliocarpus","Dilleniaceae",NA,34.2,100.03,NA,NA
252,"active","Doliocarpus multiflorus","Doliocarpus","Dilleniaceae",12.021803,50.74,49.31,12.7,NA
253,"active","Doliocarpus olivaceus","Doliocarpus","Dilleniaceae",14.133234,48.09,338.08,NA,NA
254,"passive","Duparquetia orchidacea","Duparquetia","Fabaceae",NA,NA,NA,NA,NA
255,"active","Elachyptera bipindensis","Elachyptera","Celastraceae",NA,NA,NA,NA,NA
256,"active","Elachyptera micrantha","Elachyptera","Celastraceae",93.83421474,120.41,NA,17.25,0.56
257,"active","Embelia ribes","Embelia","Primulaceae",NA,NA,NA,NA,NA
258,"passive","Enkleia malaccensis","Enkleia","Thymelaeaceae",NA,NA,NA,NA,NA
259,"active","Entada gigas","Entada","Fabaceae",NA,6.98,7526.78,NA,NA
260,"active","Erycibe borneensis","Erycibe","Convolvulaceae",NA,NA,NA,NA,NA
261,"active","Erycibe glomerata","Erycibe","Convolvulaceae",NA,NA,NA,NA,NA
262,"passive","Erycibe henryi","Erycibe","Convolvulaceae",NA,NA,NA,NA,NA
263,"active","Erycibe subspicata","Erycibe","Convolvulaceae",NA,NA,NA,NA,NA
264,"passive","Euphorbia colletioides","Euphorbia","Euphorbiaceae",38.15,NA,NA,25,0.32
265,"active","Oxera splendida","Oxera","Lamiaceae",NA,NA,NA,NA,NA
266,"active","Fevillea cordifolia","Fevillea","Cucurbitaceae",NA,NA,NA,NA,NA
267,"active","Fevillea pergamentacea","Fevillea","Cucurbitaceae",NA,NA,NA,NA,NA
268,"passive","Ficus punctata","Ficus","Moraceae",NA,NA,NA,NA,NA
269,"active","Fischeria stellata","Fischeria","Apocynaceae",NA,NA,NA,NA,NA
270,"active","Fissistigma glaucescens","Fissistigma","Annonaceae",18.60717067,26.68,NA,15.71582492,NA
271,"active","Flagellaria indica","Flagellaria","Flagellariaceae",NA,NA,NA,NA,NA
272,"active","Forsteronia acouci","Forsteronia","Apocynaceae",NA,NA,NA,NA,NA
273,"active","Forsteronia affinis","Forsteronia","Apocynaceae",NA,NA,NA,NA,NA
274,"active","Forsteronia amblybasis","Forsteronia","Apocynaceae",NA,NA,NA,NA,NA
275,"active","Forsteronia graciloides","Forsteronia","Apocynaceae",NA,NA,NA,NA,NA
276,"active","Forsteronia myriantha","Forsteronia","Apocynaceae",10.911067,27.23,NA,NA,NA
277,"active","Forsteronia spicata","Forsteronia","Apocynaceae",NA,NA,NA,34.86481375,NA
278,"active","Forsteronia subcordata","Forsteronia","Apocynaceae",NA,NA,NA,NA,NA
279,"passive","Freycinetia excelsa","Freycinetia","Pandanaceae",NA,9.8,NA,NA,NA
280,"passive","Freycinetia formosana","Freycinetia","Pandanaceae",NA,NA,NA,NA,NA
281,"passive","Freycinetia novocaledonica","Freycinetia","Pandanaceae",NA,NA,NA,NA,NA
282,"active","Fridericia candicans","Fridericia","Bignoniaceae",NA,65.18,19,NA,NA
283,"active","Fridericia caudigera","Fridericia","Bignoniaceae",NA,NA,NA,NA,0.5098
284,"active","Fridericia chica","Fridericia","Bignoniaceae",NA,NA,NA,NA,NA
285,"active","Fridericia cinnamomea","Fridericia","Bignoniaceae",NA,110,NA,NA,NA
286,"active","Fridericia conjugata","Fridericia","Bignoniaceae",20.5573256,132,320,30.9,0.43
287,"active","Tanaecium dichotomum","Tanaecium","Bignoniaceae",NA,NA,NA,NA,NA
288,"active","Fridericia fagoides","Fridericia","Bignoniaceae",NA,NA,NA,NA,NA
289,"active","Fridericia fanshawei","Fridericia","Bignoniaceae",NA,NA,NA,NA,NA
290,"active","Fridericia florida","Fridericia","Bignoniaceae",NA,35.72,171.19,NA,NA
291,"active","Fridericia japurensis","Fridericia","Bignoniaceae",NA,NA,NA,NA,NA
292,"active","Fridericia mollis","Fridericia","Bignoniaceae",NA,NA,NA,NA,NA
293,"active","Fridericia mollissima","Fridericia","Bignoniaceae",NA,NA,44.28,NA,NA
294,"active","Fridericia oxycarpa","Fridericia","Bignoniaceae",NA,NA,12.59,NA,NA
295,"active","Fridericia patellifera","Fridericia","Bignoniaceae",NA,NA,17,37.32749649,NA
296,"active","Fridericia pearcei","Fridericia","Bignoniaceae",NA,NA,NA,NA,NA
297,"active","Fridericia platyphylla","Fridericia","Bignoniaceae",NA,390,NA,NA,NA
298,"active","Fridericia poeppigii","Fridericia","Bignoniaceae",NA,NA,NA,NA,NA
299,"active","Fridericia prancei","Fridericia","Bignoniaceae",8.33,NA,NA,23,NA
300,"active","Fridericia pubescens","Fridericia","Bignoniaceae",NA,32.16,4.36,NA,NA
301,"active","Fridericia schumanniana","Fridericia","Bignoniaceae",NA,NA,NA,NA,NA
302,"active","Fridericia spicata","Fridericia","Bignoniaceae",NA,250,NA,NA,NA
303,"active","Fridericia trailii","Fridericia","Bignoniaceae",NA,NA,NA,NA,NA
304,"active","Fridericia truncata","Fridericia","Bignoniaceae",NA,NA,NA,NA,NA
305,"active","Fridericia tuberculata","Fridericia","Bignoniaceae",NA,NA,NA,NA,NA
306,"active","Fridericia viscida","Fridericia","Bignoniaceae",NA,NA,NA,NA,NA
307,"passive","Garcinia balansae","Garcinia","Clusiaceae",NA,NA,NA,NA,NA
308,"passive","Garcinia ledermannii","Garcinia","Clusiaceae",NA,NA,NA,NA,NA
309,"active","Glossocarya mollis","Glossocarya","Lamiaceae",NA,NA,NA,NA,NA
310,"passive","Gmelina elliptica","Gmelina","Lamiaceae",NA,NA,NA,NA,NA
311,"active","Gnetum gnemonoides","Gnetum","Gnetaceae",NA,NA,NA,NA,NA
312,"active","Gnetum latifolium","Gnetum","Gnetaceae",NA,NA,NA,NA,NA
313,"active","Gnetum edule","Gnetum","Gnetaceae",NA,NA,NA,NA,NA
314,"active","Gouania frangulifolia","Gouania","Rhamnaceae",NA,NA,NA,NA,NA
315,"active","Gouania lineata","Gouania","Rhamnaceae",NA,NA,NA,NA,NA
316,"active","Gouania longipetala","Gouania","Rhamnaceae",NA,29.64,20.3,NA,NA
317,"active","Gouania lupuloides","Gouania","Rhamnaceae",NA,NA,NA,NA,NA
318,"passive","Gouania stipularis","Gouania","Rhamnaceae",NA,NA,NA,NA,NA
319,"passive","Graffenrieda anomala","Graffenrieda","Melastomataceae",NA,NA,NA,NA,NA
320,"passive","Gurania lobata","Gurania","Cucurbitaceae",NA,NA,NA,NA,NA
321,"passive","Gurania makoyana","Gurania","Cucurbitaceae",NA,NA,NA,NA,NA
322,"passive","Gurania pedata","Gurania","Cucurbitaceae",NA,NA,NA,NA,NA
323,"passive","Heisteria scandens","Heisteria","Olacaceae",10.9,NA,NA,NA,NA
324,"active","Herreria montevidensis","Herreria","Asparagaceae",NA,NA,NA,NA,NA
325,"active","Heteropterys palmeri","Heteropterys","Malpighiaceae",NA,NA,NA,NA,NA
326,"active","Hippocratea volubilis","Hippocratea","Celastraceae",NA,32.33,49.31,23.01,NA
327,"passive","Hiraea fagifolia","Hiraea","Malpighiaceae",NA,NA,NA,NA,NA
328,"active","Hiraea grandifolia","Hiraea","Malpighiaceae",NA,131.46,NA,20.3,NA
329,"active","Hiraea obovata","Hiraea","Malpighiaceae",NA,67,NA,23,0.67
330,"active","Hiraea quapara","Hiraea","Malpighiaceae",NA,NA,NA,NA,NA
331,"active","Hiraea reclinata","Hiraea","Malpighiaceae",NA,32.56,NA,NA,NA
332,"passive","Hugonia macrophylla","Hugonia","Linaceae",NA,NA,NA,NA,NA
333,"passive","Hugonia penicillanthemum","Hugonia","Linaceae",NA,NA,NA,NA,NA
334,"passive","Hugonia planchonii","Hugonia","Linaceae",NA,NA,NA,NA,NA
335,"passive","Hugonia serrata","Hugonia","Linaceae",NA,NA,NA,NA,NA
336,"passive","Hugonia spicata","Hugonia","Linaceae",NA,NA,NA,NA,NA
337,"passive","Hydrangea serratifolia","Hydrangea","Hydrangeaceae",NA,NA,0.01,NA,NA
338,"active","Hylenaea praecelsa","Hylenaea","Celastraceae",NA,72.8,2027,NA,NA
339,"passive","Hyperbaena domingensis","Hyperbaena","Menispermaceae",NA,NA,NA,NA,NA
340,"active","Hypserpa laurina","Hypserpa","Menispermaceae",NA,42.39,43,NA,NA
341,"passive","Hugonia griffithiana","Hugonia","Linaceae",NA,NA,NA,NA,NA
342,"active","Iodes klaineana","Iodes","Icacinaceae",NA,NA,NA,NA,NA
343,"active","Ipomoea philomega","Ipomoea","Convolvulaceae",NA,NA,NA,NA,NA
344,"passive","Iresine angustifolia","Iresine","Amaranthaceae",NA,NA,NA,NA,NA
345,"passive","Iresine diffusa","Iresine","Amaranthaceae",NA,NA,NA,NA,NA
346,"passive","Iresine interrupta","Iresine","Amaranthaceae",NA,NA,NA,NA,NA
347,"passive","Ischnosiphon killipii","Ischnosiphon","Marantaceae",NA,NA,NA,NA,NA
348,"passive","Jasminum anodontum","Jasminum","Oleaceae",NA,NA,NA,NA,NA
349,"active","Jubelina wilburii","Jubelina","Malpighiaceae",NA,NA,NA,NA,NA
350,"active","Landolphia dulcis","Landolphia","Apocynaceae",NA,NA,NA,NA,NA
351,"active","Landolphia incerta","Landolphia","Apocynaceae",NA,NA,NA,NA,NA
352,"active","Landolphia owariensis","Landolphia","Apocynaceae",NA,24.73,NA,NA,NA
353,"active","Landolphia togolana","Landolphia","Apocynaceae",NA,NA,NA,NA,NA
354,"active","Leptoderris aurantiaca","Leptoderris","Fabaceae",NA,NA,NA,NA,NA
355,"active","Leretia cordata","Leretia","Icacinaceae",NA,NA,807.6482057,NA,NA
356,"active","Loeseneriella africana","Loeseneriella","Celastraceae",NA,46.29,NA,NA,NA
357,"active","Loeseneriella clematoides","Loeseneriella","Celastraceae",NA,NA,NA,NA,NA
358,"active","Loeseneriella rowlandii","Loeseneriella","Celastraceae",NA,NA,NA,NA,NA
359,"active","Lundia corymbifera","Lundia","Bignoniaceae",NA,550,NA,NA,NA
360,"active","Lundia densiflora","Lundia","Bignoniaceae",NA,6,NA,NA,NA
361,"active","Lundia puberula","Lundia","Bignoniaceae",NA,NA,NA,NA,NA
362,"active","Lundia spruceana","Lundia","Bignoniaceae",NA,NA,NA,NA,NA
363,"passive","Luvunga sarmentosa","Luvunga","Rutaceae",NA,NA,NA,NA,NA
364,"passive","Lycianthes purpusii","Lycianthes","Solanaceae",NA,NA,NA,NA,NA
365,"passive","Machaerium arboreum","Machaerium","Fabaceae",NA,NA,NA,NA,NA
366,"passive","Machaerium caudatum","Machaerium","Fabaceae",NA,NA,NA,NA,NA
367,"passive","Machaerium cuspidatum","Machaerium","Fabaceae",NA,NA,NA,NA,NA
368,"passive","Machaerium floribundum","Machaerium","Fabaceae",NA,NA,83,NA,NA
369,"passive","Machaerium humboldtianum","Machaerium","Fabaceae",NA,NA,NA,NA,NA
370,"passive","Machaerium kegelii","Machaerium","Fabaceae",16.21,29.4,NA,28.25,NA
371,"passive","Machaerium latifolium","Machaerium","Fabaceae",NA,NA,NA,NA,NA
372,"passive","Machaerium leiophyllum","Machaerium","Fabaceae",NA,NA,NA,NA,NA
373,"passive","Machaerium macrophyllum","Machaerium","Fabaceae",NA,NA,NA,NA,NA
374,"passive","Machaerium moritzianum","Machaerium","Fabaceae",NA,NA,NA,NA,NA
375,"passive","Machaerium multifoliolatum","Machaerium","Fabaceae",NA,NA,NA,NA,NA
376,"passive","Machaerium mutisii","Machaerium","Fabaceae",NA,NA,NA,NA,NA
377,"passive","Machaerium myrianthum","Machaerium","Fabaceae",NA,NA,NA,NA,NA
378,"passive","Machaerium oblongifolium","Machaerium","Fabaceae",NA,NA,NA,NA,NA
379,"passive","Machaerium peruvianum","Machaerium","Fabaceae",NA,NA,NA,NA,NA
380,"passive","Machaerium quinata","Machaerium","Fabaceae",NA,NA,NA,NA,NA
381,"passive","Machaerium seemannii","Machaerium","Fabaceae",NA,NA,NA,NA,NA
382,"active","Mandevilla veraguasensis","Mandevilla","Apocynaceae",NA,NA,NA,NA,NA
383,"passive","Manekia incurva","Manekia","Piperaceae",NA,NA,NA,NA,NA
384,"passive","Manihot chlorosticta","Manihot","Euphorbiaceae",26.1928934,51.6,NA,46.8,NA
385,"passive","Manniophyton fulvum","Manniophyton","Euphorbiaceae",NA,686,NA,NA,NA
386,"active","Mansoa alliacea","Mansoa","Bignoniaceae",NA,NA,NA,NA,NA
387,"active","Mansoa difficilis","Mansoa","Bignoniaceae",21.98864899,66.73,4,38.67,0.44
388,"active","Mansoa hymenaea","Mansoa","Bignoniaceae",21.25858577,69.80958333,NA,NA,0.39
389,"active","Mansoa parvifolia","Mansoa","Bignoniaceae",NA,NA,NA,NA,NA
390,"active","Mansoa standleyi","Mansoa","Bignoniaceae",NA,NA,NA,NA,NA
391,"active","Mansoa verrucifera","Mansoa","Bignoniaceae",17.5,NA,NA,27.1408725,NA
392,"passive","Marcgraviastrum sodiroi","Marcgraviastrum","Marcgraviaceae",NA,NA,NA,NA,NA
393,"active","Maripa axilliflora","Maripa","Convolvulaceae",NA,NA,215.8088546,NA,NA
394,"active","Maripa glabra","Maripa","Convolvulaceae",NA,NA,NA,NA,NA
395,"active","Maripa nicaraguensis","Maripa","Convolvulaceae",NA,NA,NA,NA,NA
396,"active","Maripa panamensis","Maripa","Convolvulaceae",9.9185875,38.8,372,NA,NA
397,"active","Maripa peruviana","Maripa","Convolvulaceae",NA,NA,NA,NA,NA
398,"active","Ruehssia altissima","Ruehssia","Apocynaceae",NA,NA,NA,NA,NA
399,"active","Ruehssia macrophylla","Ruehssia","Apocynaceae",NA,NA,NA,NA,NA
400,"active","Marsdenia tinctoria","Marsdenia","Apocynaceae",NA,28.35,37.5,NA,NA
401,"active","Ruehssia undulata","Ruehssia","Apocynaceae",NA,NA,NA,NA,NA
402,"active","Martinella obovata","Martinella","Bignoniaceae",NA,10,NA,NA,NA
403,"active","Mascagnia brevifolia","Mascagnia","Malpighiaceae",NA,NA,NA,NA,NA
404,"active","Mascagnia divaricata","Mascagnia","Malpighiaceae",NA,NA,NA,NA,NA
405,"active","Mascagnia ovatifolia","Mascagnia","Malpighiaceae",NA,NA,NA,NA,NA
406,"active","Melodinus australis","Melodinus","Apocynaceae",NA,24.82,65,NA,NA
407,"active","Mendoncia flagellaris","Mendoncia","Acanthaceae",NA,NA,NA,NA,NA
408,"active","Mendoncia glabra","Mendoncia","Acanthaceae",NA,NA,NA,NA,NA
409,"active","Mendoncia lindaviana","Mendoncia","Acanthaceae",NA,NA,NA,NA,NA
410,"active","Mendoncia mutisii","Mendoncia","Acanthaceae",NA,NA,NA,NA,NA
411,"active","Mendoncia pedunculata","Mendoncia","Acanthaceae",NA,NA,NA,NA,NA
412,"active","Mendoncia retusa","Mendoncia","Acanthaceae",NA,NA,NA,NA,NA
413,"active","Mendoncia tonduzii","Mendoncia","Acanthaceae",NA,NA,NA,NA,NA
414,"active","Decalobanthus peltatus","Decalobanthus","Convolvulaceae",NA,NA,NA,NA,NA
415,"active","Mesechites trifidus","Mesechites","Apocynaceae",NA,16.58,3,NA,NA
416,"active","Mikania guaco","Mikania","Asteraceae",NA,NA,NA,NA,NA
417,"active","Mikania leiostachya","Mikania","Asteraceae",NA,NA,NA,NA,NA
418,"active","Mikania tonduzii","Mikania","Asteraceae",NA,NA,NA,NA,NA
419,"active","Millettia barteri","Millettia","Fabaceae",NA,NA,NA,NA,NA
420,"active","Millettia puguensis","Millettia","Fabaceae",NA,NA,NA,NA,NA
421,"passive","Mimosa guilandinae","Mimosa","Fabaceae",NA,NA,NA,NA,NA
422,"passive","Mitraria coccinea","Mitraria","Gesneriaceae",NA,NA,NA,NA,NA
423,"active","Gynochthodes canthoides","Gynochthodes","Rubiaceae",NA,NA,NA,NA,NA
424,"active","Moutabea aculeata","Moutabea","Polygalaceae",NA,NA,NA,NA,NA
425,"active","Mucuna gigantea","Mucuna","Fabaceae",NA,46.78,3841,NA,NA
426,"active","Mucuna mutisiana","Mucuna","Fabaceae",NA,NA,NA,NA,NA
427,"active","Neoalsomitra clavigera","Neoalsomitra","Cucurbitaceae",NA,NA,NA,NA,NA
428,"active","Neosepicaea jucunda","Neosepicaea","Bignoniaceae",NA,46.86,20,NA,NA
429,"active","Neuropeltis acuminata","Neuropeltis","Convolvulaceae",NA,32.73,14.77,NA,NA
430,"passive","Nissolia fruticosa","Nissolia","Fabaceae",NA,NA,NA,NA,13
431,"active","Cissus penninervis","Cissus","Vitaceae",NA,NA,NA,NA,NA
432,"active","Odontadenia puncticulosa","Odontadenia","Apocynaceae",12.117016,82.18,NA,NA,NA
433,"active","Odontocarya diplobotrya","Odontocarya","Menispermaceae",NA,NA,NA,NA,NA
434,"active","Omphalea diandra","Omphalea","Euphorbiaceae",10.80054018,90.91,8272.15,NA,NA
435,"active","Oncinotis glabrata","Oncinotis","Apocynaceae",NA,NA,NA,NA,NA
436,"active","Oncinotis pontyi","Oncinotis","Apocynaceae",NA,NA,NA,NA,NA
437,"active","Oncinotis tomentella","Oncinotis","Apocynaceae",NA,NA,NA,NA,NA
438,"active","Oxera palmatinervia","Oxera","Lamiaceae",NA,NA,NA,NA,NA
439,"active","Pachyptera kerere","Pachyptera","Bignoniaceae",NA,NA,NA,NA,NA
440,"active","Aristolochia macrocarpa","Aristolochia","Aristolochiaceae",NA,NA,NA,NA,NA
441,"active","Parsonsia laxiflora","Parsonsia","Apocynaceae",NA,NA,NA,NA,NA
442,"active","Parthenocissus quinquefolia","Parthenocissus","Vitaceae",NA,27.2,26.66,23.4,NA
443,"active","Passiflora ambigua","Passiflora","Passifloraceae",NA,NA,34,NA,NA
444,"active","Passiflora auriculata","Passiflora","Passifloraceae",NA,NA,NA,NA,NA
445,"active","Passiflora multiflora","Passiflora","Passifloraceae",NA,NA,NA,NA,NA
446,"active","Passiflora nitida","Passiflora","Passifloraceae",NA,NA,20.56888998,NA,NA
447,"active","Passiflora pyrrhantha","Passiflora","Passifloraceae",NA,NA,NA,NA,NA
448,"active","Passiflora serrulata","Passiflora","Passifloraceae",NA,NA,16.76,NA,NA
449,"active","Passiflora spinosa","Passiflora","Passifloraceae",NA,NA,NA,NA,NA
450,"active","Passiflora suberosa","Passiflora","Passifloraceae",NA,NA,2.771256537,NA,NA
451,"active","Passiflora vitifolia","Passiflora","Passifloraceae",NA,NA,3.3,30.9,NA
452,"active","Paullinia acutangula","Paullinia","Sapindaceae",NA,NA,NA,NA,NA
453,"active","Paullinia alata","Paullinia","Sapindaceae",NA,NA,151.8482437,NA,NA
454,"active","Paullinia anisoptera","Paullinia","Sapindaceae",NA,NA,NA,NA,NA
455,"active","Paullinia bracteosa","Paullinia","Sapindaceae",19.34,NA,NA,NA,NA
456,"active","Paullinia capreolata","Paullinia","Sapindaceae",NA,NA,207.1966332,NA,NA
457,"active","Paullinia clavigera","Paullinia","Sapindaceae",NA,NA,NA,NA,NA
458,"active","Paullinia coriacea","Paullinia","Sapindaceae",NA,NA,NA,NA,NA
459,"active","Paullinia costaricensis","Paullinia","Sapindaceae",NA,NA,NA,NA,NA
460,"active","Paullinia costata","Paullinia","Sapindaceae",NA,NA,NA,NA,NA
461,"active","Paullinia cuneata","Paullinia","Sapindaceae",NA,NA,7.324871327,NA,NA
462,"active","Paullinia cupana","Paullinia","Sapindaceae",NA,NA,NA,NA,NA
463,"active","Paullinia cururu","Paullinia","Sapindaceae",NA,NA,NA,NA,NA
464,"active","Paullinia elegans","Paullinia","Sapindaceae",NA,NA,58.26347641,NA,NA
465,"active","Paullinia enneaphylla","Paullinia","Sapindaceae",NA,NA,NA,NA,NA
466,"active","Paullinia eriocarpa","Paullinia","Sapindaceae",NA,NA,NA,NA,NA
467,"active","Paullinia fuscescens","Paullinia","Sapindaceae",NA,13.86,151.15,NA,NA
468,"active","Paullinia glomerulosa","Paullinia","Sapindaceae",NA,8.05,100.03,NA,NA
469,"active","Paullinia granatensis","Paullinia","Sapindaceae",NA,NA,NA,NA,NA
470,"active","Paullinia grandifolia","Paullinia","Sapindaceae",NA,NA,NA,NA,NA
471,"active","Paullinia hystrix","Paullinia","Sapindaceae",NA,NA,280.8325473,NA,NA
472,"active","Paullinia laeta","Paullinia","Sapindaceae",NA,NA,NA,NA,NA
473,"active","Paullinia leiocarpa","Paullinia","Sapindaceae",NA,NA,NA,NA,NA
474,"active","Paullinia mazanensis","Paullinia","Sapindaceae",NA,NA,NA,NA,NA
475,"active","Paullinia meliifolia","Paullinia","Sapindaceae",NA,NA,NA,NA,NA
476,"active","Paullinia olivacea","Paullinia","Sapindaceae",NA,NA,NA,NA,NA
477,"active","Paullinia pachycarpa","Paullinia","Sapindaceae",NA,NA,NA,NA,NA
478,"active","Paullinia pinnata","Paullinia","Sapindaceae",NA,35.44,210.64,NA,NA
479,"active","Paullinia simulans","Paullinia","Sapindaceae",NA,NA,NA,NA,NA
480,"active","Paullinia sphaerocarpa","Paullinia","Sapindaceae",NA,NA,NA,NA,NA
481,"active","Paullinia tarapotensis","Paullinia","Sapindaceae",NA,NA,NA,NA,NA
482,"active","Paullinia tenuifolia","Paullinia","Sapindaceae",NA,NA,NA,NA,NA
483,"active","Paullinia trigonia","Paullinia","Sapindaceae",NA,NA,NA,NA,NA
484,"active","Paullinia turbacensis","Paullinia","Sapindaceae",23.25,NA,230,23,NA
485,"active","Paullinia yoco","Paullinia","Sapindaceae",NA,NA,NA,NA,NA
486,"passive","Rhodocactus sacharosa","Rhodocactus","Cactaceae",NA,NA,NA,NA,NA
487,"active","Peritassa laevigata","Peritassa","Celastraceae",NA,NA,3000,NA,NA
488,"active","Peritassa peruviana","Peritassa","Celastraceae",NA,NA,NA,NA,NA
489,"active","Petraeovitex multiflora","Petraeovitex","Lamiaceae",NA,NA,NA,NA,NA
490,"active","Petrea maynensis","Petrea","Verbenaceae",NA,NA,NA,NA,NA
491,"active","Petrea volubilis","Petrea","Verbenaceae",NA,50.31,35,17.96863985,NA
492,"active","Pinochia peninsularis","Pinochia","Apocynaceae",NA,NA,NA,NA,NA
493,"active","Pinzona coriacea","Pinzona","Dilleniaceae",NA,NA,NA,NA,NA
494,"active","Piper brachypodon","Piper","Piperaceae",NA,NA,NA,NA,NA
495,"passive","Piper eustylum","Piper","Piperaceae",NA,NA,NA,NA,NA
496,"active","Piper hispidum","Piper","Piperaceae",NA,NA,NA,NA,NA
497,"passive","Piper macropiper","Piper","Piperaceae",NA,NA,NA,NA,1.2
498,"active","Piper multiplinervium","Piper","Piperaceae",NA,NA,NA,45,NA
499,"passive","Pisonia macranthocarpa","Pisonia","Nyctaginaceae",11.76,NA,NA,NA,NA
500,"active","Pleonotoma clematis","Pleonotoma","Bignoniaceae",NA,NA,NA,NA,NA
501,"active","Pleonotoma dendrotricha","Pleonotoma","Bignoniaceae",NA,NA,NA,NA,NA
502,"active","Pleonotoma melioides","Pleonotoma","Bignoniaceae",NA,NA,NA,NA,NA
503,"active","Pleonotoma variabilis","Pleonotoma","Bignoniaceae",8.1679385,35.3,32,NA,NA
504,"active","Pleurisanthes flava","Pleurisanthes","Icacinaceae",NA,NA,NA,NA,NA
505,"active","Plukenetia penninervia","Plukenetia","Euphorbiaceae",NA,NA,NA,NA,NA
506,"active","Plukenetia serrata","Plukenetia","Euphorbiaceae",NA,NA,NA,NA,NA
507,"active","Plukenetia volubilis","Plukenetia","Euphorbiaceae",NA,NA,NA,NA,NA
508,"passive","Podopterus cordifolius","Podopterus","Polygonaceae",NA,NA,NA,NA,NA
509,"passive","Iodes scandens","Iodes","Icacinaceae",NA,NA,NA,NA,NA
510,"passive","Pothos scandens","Pothos","Araceae",NA,NA,NA,NA,NA
511,"active","Prestonia mollis","Prestonia","Apocynaceae",NA,NA,NA,NA,NA
512,"active","Prestonia portobellensis","Prestonia","Apocynaceae",NA,67.85,77.5,NA,NA
513,"active","Prestonia robusta","Prestonia","Apocynaceae",NA,NA,NA,NA,NA
514,"active","Prestonia rotundifolia","Prestonia","Apocynaceae",NA,NA,NA,NA,NA
515,"active","Prestonia trifida","Prestonia","Apocynaceae",NA,202.13,NA,NA,NA
516,"active","Prionostemma aspera","Prionostemma","Celastraceae",6.451612903,26,182,18.1,NA
517,"active","Pristimera nervosa","Pristimera","Celastraceae",NA,NA,NA,NA,NA
518,"active","Pristimera tenuiflora","Pristimera","Celastraceae",NA,NA,NA,NA,NA
519,"passive","Pseudogynoxys scabra","Pseudogynoxys","Asteraceae",NA,NA,NA,NA,NA
520,"active","Pteropepon acariaeanthus","Pteropepon","Cucurbitaceae",NA,NA,NA,NA,NA
521,"active","Pueraria montana","Pueraria","Fabaceae",NA,NA,NA,NA,NA
522,"passive","Pycnobotrya nitida","Pycnobotrya","Apocynaceae",NA,NA,NA,NA,NA
523,"passive","Pyrenacantha glabrescens","Pyrenacantha","Icacinaceae",NA,NA,NA,NA,NA
524,"passive","Pyrenacantha klaineana","Pyrenacantha","Icacinaceae",NA,NA,NA,NA,NA
525,"active","Pyrostegia venusta","Pyrostegia","Bignoniaceae",20.55778998,69.71,480,30.35,0.39
526,"passive","Randia altiscandens","Randia","Rubiaceae",NA,NA,NA,14.9,NA
527,"active","Rhaphiostylis preussii","Rhaphiostylis","Metteniusaceae",NA,NA,NA,NA,NA
528,"active","Rourea adenophora","Rourea","Connaraceae",NA,NA,NA,NA,NA
529,"active","Rourea camptoneura","Rourea","Connaraceae",NA,NA,NA,NA,NA
530,"active","Rourea cuspidata","Rourea","Connaraceae",NA,NA,NA,NA,NA
531,"active","Rourea glabra","Rourea","Connaraceae",NA,NA,NA,NA,NA
532,"active","Rourea krukovii","Rourea","Connaraceae",NA,NA,NA,NA,NA
533,"active","Rourea surinamensis","Rourea","Connaraceae",NA,NA,145,NA,NA
534,"active","Rourea emarginata","Rourea","Connaraceae",NA,NA,NA,NA,NA
535,"active","Saba comorensis","Saba","Apocynaceae",NA,62.61,636.41,NA,NA
536,"active","Sabicea calycina","Sabicea","Rubiaceae",NA,NA,NA,NA,NA
537,"active","Sabicea panamensis","Sabicea","Rubiaceae",NA,NA,NA,NA,NA
538,"active","Sabicea rosea","Sabicea","Rubiaceae",NA,NA,NA,NA,NA
539,"active","Salacia alata","Salacia","Celastraceae",NA,NA,NA,NA,NA
540,"active","Salacia alwynii","Salacia","Celastraceae",NA,NA,NA,NA,NA
541,"active","Salacia cordata","Salacia","Celastraceae",NA,NA,NA,NA,NA
542,"active","Salacia debilis","Salacia","Celastraceae",NA,NA,NA,NA,NA
543,"passive","Salacia elegans","Salacia","Celastraceae",NA,35.74,283.04,NA,NA
544,"active","Salacia elliptica","Salacia","Celastraceae",NA,NA,NA,NA,0.76
545,"passive","Salacia erecta","Salacia","Celastraceae",NA,18.25,NA,NA,NA
546,"active","Salacia juruana","Salacia","Celastraceae",NA,NA,NA,NA,NA
547,"passive","Salacia longipes","Salacia","Celastraceae",NA,NA,NA,NA,NA
548,"passive","Salacia madagascariensis","Salacia","Celastraceae",NA,NA,NA,NA,NA
549,"passive","Salacia nitida","Salacia","Celastraceae",NA,NA,NA,NA,NA
550,"passive","Salacia senegalensis","Salacia","Celastraceae",NA,NA,NA,NA,NA
551,"passive","Salacia zenkeri","Salacia","Celastraceae",NA,NA,NA,NA,NA
552,"active","Salacighia letestuana","Salacighia","Celastraceae",NA,NA,NA,NA,NA
553,"passive","Schlegelia brachyantha","Schlegelia","Schlegeliaceae",NA,NA,NA,NA,0.3
554,"passive","Schlegelia chocoensis","Schlegelia","Schlegeliaceae",NA,NA,NA,NA,NA
555,"passive","Schlegelia darienensis","Schlegelia","Schlegeliaceae",NA,NA,NA,NA,NA
556,"passive","Schlegelia dressleri","Schlegelia","Schlegeliaceae",NA,NA,NA,NA,NA
557,"passive","Schlegelia fastigiata","Schlegelia","Schlegeliaceae",NA,NA,NA,NA,NA
558,"passive","Schlegelia macrophylla","Schlegelia","Schlegeliaceae",NA,NA,NA,NA,NA
559,"passive","Schlegelia parviflora","Schlegelia","Schlegeliaceae",NA,NA,NA,8.3,NA
560,"passive","Schlegelia scandens","Schlegelia","Schlegeliaceae",NA,NA,NA,NA,NA
561,"active","Sciadotenia eichleriana","Sciadotenia","Menispermaceae",NA,NA,NA,NA,NA
562,"active","Sciadotenia toxifera","Sciadotenia","Menispermaceae",NA,NA,NA,NA,NA
563,"active","Secondatia densiflora","Secondatia","Apocynaceae",NA,NA,NA,NA,NA
564,"active","Securidaca cacumina","Securidaca","Polygalaceae",NA,NA,NA,NA,NA
565,"active","Securidaca coriacea","Securidaca","Polygalaceae",NA,NA,40.11,NA,NA
566,"active","Securidaca divaricata","Securidaca","Polygalaceae",NA,NA,NA,NA,NA
567,"passive","Securidaca diversifolia","Securidaca","Polygalaceae",16.267098,20.85,NA,NA,NA
568,"active","Selysia cordata","Selysia","Cucurbitaceae",NA,NA,NA,NA,NA
569,"active","Selysia prunifera","Selysia","Cucurbitaceae",NA,NA,NA,NA,NA
570,"active","Semialarium paniculatum","Semialarium","Celastraceae",NA,NA,NA,NA,NA
571,"passive","Senegalia alemquerensis","Senegalia","Fabaceae",NA,NA,NA,NA,NA
572,"active","Senegalia altiscandens","Senegalia","Fabaceae",NA,NA,NA,NA,NA
573,"active","Senegalia klugii","Senegalia","Fabaceae",NA,NA,NA,NA,NA
574,"passive","Senegalia macbridei","Senegalia","Fabaceae",NA,NA,NA,NA,NA
575,"active","Serjania atrolineata","Serjania","Sapindaceae",19.05442,20.88,17.03,20.1,NA
576,"active","Serjania brachycarpa","Serjania","Sapindaceae",33.09,NA,NA,32.66,0.66
577,"active","Serjania caracasana","Serjania","Sapindaceae",18.03589982,179.66,NA,34.8,0.36
578,"active","Serjania fuscifolia","Serjania","Sapindaceae",29.44433755,124.8,NA,39.46,NA
579,"active","Serjania glabrata","Serjania","Sapindaceae",NA,NA,NA,NA,NA
580,"active","Serjania longipes","Serjania","Sapindaceae",NA,NA,NA,NA,NA
581,"active","Serjania mexicana","Serjania","Sapindaceae",12.758616,11.42,14.8,NA,NA
582,"active","Serjania paucidentata","Serjania","Sapindaceae",NA,NA,NA,NA,NA
583,"active","Serjania pluvialiflorens","Serjania","Sapindaceae",NA,17.74,NA,NA,NA
584,"active","Serjania polyphylla","Serjania","Sapindaceae",NA,NA,NA,NA,NA
585,"active","Serjania rhombea","Serjania","Sapindaceae",NA,18.41,11,NA,NA
586,"active","Simicratea welwitschii","Simicratea","Celastraceae",NA,NA,NA,NA,NA
587,"active","Smilax australis","Smilax","Smilacaceae",NA,NA,NA,NA,NA
588,"active","Smilax bracteata","Smilax","Smilacaceae",NA,NA,NA,NA,NA
589,"active","Smilax calophylla","Smilax","Smilacaceae",NA,NA,NA,NA,NA
590,"active","Smilax laurifolia","Smilax","Smilacaceae",NA,NA,NA,NA,NA
591,"active","Solanum uncinellum","Solanum","Solanaceae",NA,NA,NA,NA,NA
592,"active","Spatholobus ferrugineus","Spatholobus","Fabaceae",NA,NA,NA,NA,NA
593,"active","Spatholobus oblongifolius","Spatholobus","Fabaceae",NA,NA,NA,NA,NA
594,"active","Sphenodesme pentandra","Sphenodesme","Lamiaceae",NA,NA,NA,NA,NA
595,"active","Stigmaphyllon eggersii","Stigmaphyllon","Malpighiaceae",NA,NA,NA,NA,NA
596,"active","Stigmaphyllon ellipticum","Stigmaphyllon","Malpighiaceae",NA,NA,NA,NA,NA
597,"active","Stigmaphyllon emarginatum","Stigmaphyllon","Malpighiaceae",NA,NA,NA,NA,NA
598,"active","Stigmaphyllon floribundum","Stigmaphyllon","Malpighiaceae",NA,NA,NA,NA,NA
599,"active","Stizophyllum inaequilaterum","Stizophyllum","Bignoniaceae",NA,NA,NA,NA,NA
600,"active","Stizophyllum perforatum","Stizophyllum","Bignoniaceae",39.26948984,66.85,40,39.15,0.41
601,"active","Stizophyllum riparium","Stizophyllum","Bignoniaceae",NA,NA,NA,NA,NA
602,"passive","Strophanthus sarmentosus","Strophanthus","Apocynaceae",NA,25.29,20.79,NA,NA
603,"active","Strychnopsis thouarsii","Strychnopsis","Menispermaceae",NA,NA,NA,NA,NA
604,"passive","Strychnos aculeata","Strychnos","Loganiaceae",NA,NA,NA,NA,NA
605,"active","Strychnos axillaris","Strychnos","Loganiaceae",NA,NA,NA,NA,NA
606,"active","Strychnos brachistantha","Strychnos","Loganiaceae",NA,NA,NA,NA,NA
607,"passive","Strychnos bredemeyeri","Strychnos","Loganiaceae",NA,34.02,NA,18.5,NA
608,"active","Strychnos cathayensis","Strychnos","Loganiaceae",NA,7.35,NA,NA,NA
609,"passive","Strychnos chlorantha","Strychnos","Loganiaceae",17.7,NA,NA,NA,NA
610,"active","Strychnos congolana","Strychnos","Loganiaceae",NA,NA,NA,NA,NA
611,"active","Strychnos croatii","Strychnos","Loganiaceae",NA,NA,NA,NA,NA
612,"active","Strychnos ecuadoriensis","Strychnos","Loganiaceae",NA,NA,NA,NA,NA
613,"passive","Strychnos erichsonii","Strychnos","Loganiaceae",NA,NA,NA,NA,0.54
614,"active","Strychnos floribunda","Strychnos","Loganiaceae",NA,NA,NA,NA,NA
615,"active","Strychnos froesii","Strychnos","Loganiaceae",NA,NA,NA,NA,NA
616,"active","Strychnos guianensis","Strychnos","Loganiaceae",NA,NA,NA,NA,NA
617,"active","Strychnos ignatii","Strychnos","Loganiaceae",NA,42.26,1000,NA,NA
618,"active","Strychnos javariensis","Strychnos","Loganiaceae",NA,NA,NA,NA,NA
619,"active","Strychnos jobertiana","Strychnos","Loganiaceae",NA,NA,NA,NA,NA
620,"active","Strychnos lucens","Strychnos","Loganiaceae",NA,18.2,213.5,NA,NA
621,"active","Strychnos minor","Strychnos","Loganiaceae",NA,41.13,273.5,NA,NA
622,"active","Strychnos mitscherlichii","Strychnos","Loganiaceae",NA,NA,NA,NA,NA
623,"active","Strychnos panamensis","Strychnos","Loganiaceae",NA,13.94,627.45,NA,NA
624,"passive","Strychnos peckii","Strychnos","Loganiaceae",19.25,NA,NA,12.73,NA
625,"passive","Strychnos phaeotricha","Strychnos","Loganiaceae",NA,NA,NA,NA,NA
626,"active","Strychnos poeppigii","Strychnos","Loganiaceae",NA,NA,NA,NA,NA
627,"active","Strychnos ramentifera","Strychnos","Loganiaceae",NA,NA,NA,NA,NA
628,"active","Strychnos sandwithiana","Strychnos","Loganiaceae",NA,NA,NA,NA,NA
629,"passive","Strychnos schunkei","Strychnos","Loganiaceae",NA,NA,NA,NA,NA
630,"passive","Strychnos tricalysioides","Strychnos","Loganiaceae",NA,NA,NA,NA,NA
631,"active","Synclisia scabrida","Synclisia","Menispermaceae",NA,NA,NA,NA,NA
632,"active","Tanaecium bilabiatum","Tanaecium","Bignoniaceae",NA,NA,NA,NA,NA
633,"active","Tanaecium duckei","Tanaecium","Bignoniaceae",NA,NA,NA,NA,NA
634,"active","Fridericia mutabilis","Fridericia","Bignoniaceae",NA,NA,NA,NA,NA
635,"active","Tanaecium pyramidatum","Tanaecium","Bignoniaceae",NA,73.64,NA,NA,NA
636,"active","Tanaecium selloi","Tanaecium","Bignoniaceae",38.45365872,79.92,430,46.47,0.38
637,"active","Tanaecium tetragonolobum","Tanaecium","Bignoniaceae",NA,56.56,72.09,NA,NA
638,"active","Tanaecium truncatum","Tanaecium","Bignoniaceae",NA,NA,NA,NA,NA
639,"active","Tanaecium xanthophyllum","Tanaecium","Bignoniaceae",NA,NA,NA,NA,NA
640,"active","Telitoxicum krukovii","Telitoxicum","Menispermaceae",NA,NA,NA,NA,NA
641,"active","Telitoxicum minutiflorum","Telitoxicum","Menispermaceae",NA,NA,NA,NA,NA
642,"active","Telitoxicum peruvianum","Telitoxicum","Menispermaceae",NA,NA,NA,NA,NA
643,"active","Tetracera akara","Tetracera","Dilleniaceae",NA,NA,NA,NA,NA
644,"active","Tetracera alnifolia","Tetracera","Dilleniaceae",NA,84,50.96,NA,NA
645,"active","Tetracera asperula","Tetracera","Dilleniaceae",NA,NA,NA,NA,NA
646,"active","Tetracera hydrophila","Tetracera","Dilleniaceae",NA,53.56,NA,NA,NA
647,"active","Tetracera macrophylla","Tetracera","Dilleniaceae",NA,NA,NA,NA,NA
648,"active","Tetracera nordtiana","Tetracera","Dilleniaceae",NA,52.33,NA,NA,NA
649,"active","Tetracera parviflora","Tetracera","Dilleniaceae",NA,NA,NA,NA,NA
650,"active","Tetracera volubilis","Tetracera","Dilleniaceae",NA,47.93,16.73,17.57,NA
651,"active","Tetracera willdenowiana","Tetracera","Dilleniaceae",NA,NA,NA,NA,NA
652,"active","Tetrapterys calophylla","Tetrapterys","Malpighiaceae",NA,NA,NA,NA,NA
653,"active","Tetrapterys crispa","Tetrapterys","Malpighiaceae",NA,NA,NA,NA,NA
654,"passive","Tetrapterys discolor","Tetrapterys","Malpighiaceae",NA,31.95,NA,NA,NA
655,"active","Tetrapterys goudotiana","Tetrapterys","Malpighiaceae",NA,NA,NA,NA,NA
656,"active","Tetrapterys mexicana","Tetrapterys","Malpighiaceae",NA,NA,NA,NA,NA
657,"active","Tetrapterys schiedeana","Tetrapterys","Malpighiaceae",NA,NA,NA,NA,NA
658,"active","Tetrastigma formosanum","Tetrastigma","Vitaceae",NA,NA,NA,NA,NA
659,"active","Thinouia mucronata","Thinouia","Sapindaceae",29.06933549,60.56,NA,34.15,0.52
660,"active","Thinouia myriantha","Thinouia","Sapindaceae",NA,31.53,125.7,NA,NA
661,"passive","Tilesia baccata","Tilesia","Asteraceae",NA,NA,NA,NA,NA
662,"active","Tinospora tinosporoides","Tinospora","Menispermaceae",NA,NA,NA,NA,NA
663,"passive","Zanthoxylum asiaticum","Zanthoxylum","Rutaceae",NA,11.38,22.04,NA,NA
664,"active","Tontelea attenuata","Tontelea","Celastraceae",NA,NA,NA,NA,NA
665,"active","Tontelea congestiflora","Tontelea","Celastraceae",NA,NA,NA,NA,NA
666,"active","Tontelea coriacea","Tontelea","Celastraceae",NA,NA,NA,NA,NA
667,"active","Tontelea emarginata","Tontelea","Celastraceae",NA,NA,NA,NA,NA
668,"active","Tontelea mauritioides","Tontelea","Celastraceae",NA,NA,NA,NA,NA
669,"active","Tontelea micrantha","Tontelea","Celastraceae",NA,NA,NA,NA,NA
670,"active","Tontelea miersii","Tontelea","Celastraceae",NA,NA,NA,NA,NA
671,"active","Tontelea passiflora","Tontelea","Celastraceae",6.66,71,NA,18,NA
672,"active","Tontelea tenuicula","Tontelea","Celastraceae",NA,NA,NA,NA,NA
673,"passive","Blakea asplundii","Blakea","Melastomataceae",NA,NA,NA,NA,NA
674,"active","Trachelospermum asiaticum","Trachelospermum","Apocynaceae",NA,15.8,53.96,NA,NA
675,"active","Triclisia dictyophylla","Triclisia","Menispermaceae",NA,NA,NA,NA,NA
676,"active","Triclisia sacleuxii","Triclisia","Menispermaceae",NA,NA,NA,NA,NA
677,"passive","Trigonia boliviana","Trigonia","Trigoniaceae",NA,NA,NA,NA,NA
678,"passive","Trigonia eriosperma","Trigonia","Trigoniaceae",NA,NA,NA,NA,NA
679,"active","Ipomoea abutiloides","Ipomoea","Convolvulaceae",NA,NA,NA,NA,NA
680,"active","Ipomoea corymbosa","Ipomoea","Convolvulaceae",NA,NA,21.32140114,NA,NA
681,"active","Tynanthus panurensis","Tynanthus","Bignoniaceae",NA,NA,NA,NA,NA
682,"active","Tynanthus polyanthus","Tynanthus","Bignoniaceae",NA,NA,NA,NA,NA
683,"active","Tynanthus pubescens","Tynanthus","Bignoniaceae",NA,NA,NA,NA,NA
684,"active","Tynanthus schumannianus","Tynanthus","Bignoniaceae",NA,NA,NA,NA,NA
685,"passive","Uncaria gambir","Uncaria","Rubiaceae",NA,NA,NA,NA,NA
686,"passive","Uncaria guianensis","Uncaria","Rubiaceae",15.2,NA,NA,NA,NA
687,"passive","Uncaria talbotii","Uncaria","Rubiaceae",NA,NA,NA,NA,NA
688,"active","Urceola javanica","Urceola","Apocynaceae",NA,NA,NA,NA,NA
689,"active","Urvillea uniloba","Urvillea","Sapindaceae",NA,NA,NA,NA,NA
690,"active","Uvaria argentea","Uvaria","Annonaceae",NA,NA,NA,NA,NA
691,"active","Uvaria excelsa","Uvaria","Annonaceae",NA,91,NA,NA,NA
692,"passive","Uvaria pandensis","Uvaria","Annonaceae",NA,NA,NA,NA,NA
693,"passive","Uvaria poggei","Uvaria","Annonaceae",NA,NA,NA,NA,NA
694,"active","Ventilago africana","Ventilago","Rhamnaceae",NA,NA,NA,NA,NA
695,"active","Ventilago elegans","Ventilago","Rhamnaceae",NA,NA,NA,NA,NA
696,"active","Ventilago neocaledonica","Ventilago","Rhamnaceae",NA,NA,NA,NA,NA
697,"active","Vitis tiliifolia","Vitis","Vitaceae",NA,NA,NA,NA,NA
698,"active","Xerosicyos danguyi","Xerosicyos","Cucurbitaceae",NA,NA,NA,NA,NA
699,"active","Xylophragma platyphyllum","Xylophragma","Bignoniaceae",NA,NA,NA,NA,NA
700,"active","Xylophragma seemannianum","Xylophragma","Bignoniaceae",NA,62.18,NA,39.1,NA
701,"passive","Zanthoxylum mezoneurispinosum","Zanthoxylum","Rutaceae",NA,NA,NA,NA,NA
702,"passive","Zanthoxylum nitidum","Zanthoxylum","Rutaceae",NA,NA,NA,NA,NA
